PRD_ID,AIR_TMP,PRC_TMP,ROT_SPD,TRQ_PWR,TOOL_TM,NS_LVL
M58860,298.1,308.6,1551.0,42.8,0,83.8865
L91181,312.4,308.7,1408.0,,,
L91182,298.1,308.5,1498,49.4,5,87.055
L91183,306.2,308.6,1433,,,
L91184,298.2,308.7,1408,40,9,
M58865,313.5,,1425,41.9,,
L91186,313.7,,1558,,14,
L91187,308.8,,1527,40.2,,
M58868,298.3,308.7,1667,28.6,18,102.3119
M58869,298.5,309,1741.0,28.0,21.0,110.4649
H73424,298.4,308.9,1782,23.9,24,99.8704
H73425,298.6,309.1,1423,44.3,29,104.9683
M58872,311.9,309.1,,,34,
M58873,298.6,309.2,1742,30,37,
L91194,310,309.2,2035,,40,102.078
L91195,298.6,309.2,1542,48.4,42.0,
M58876,298.6,309.2,1311.0,46.6,44,96.1969
M58877,298.7,309.2,1410,45.6,47,
H73432,298.8,309.2,1306,54.5,50,99.8077
M58879,298.9,309.3,1632,32.5,55,99.4705
H73434,310.9,309.3,1375,,58.0,90.7461
L91201,298.8,309.3,1450,44.8,63,
M58882,307.6,309.3,,,65,
L91203,299,309.4,1758,25.7,68,
M58884,299,309.4,1561,37.3,70,127.8419
L91205,314,,1861,,73,
L91206,299.1,309.5,1512,39,75,110.4961
H73441,299.1,309.4,1811,24.6,77,
L91208,307.6,309.4,,,82,
L91209,299,309.4,1693,30.1,84,103.9261
M58890,306.6,309.5,,48.2,,
L91211,299,309.4,1798,25.5,89,
L91212,309.9,,1419,,91,
L91213,298.9,309.3,1665,32.5,93,
M58894,298.8,309.1,1559,34.7,95,
M58895,310.3,309.2,1452,,98,
M58896,310.5,309.2,,36.7,,
L91217,298.8,309.1,1439,39.2,104,106.1502
H73452,298.9,309.2,1379,50.7,106,90.4239
L91219,298.8,309.1,1350,52.5,111,
L91220,311.5,309.1,1362,,113,
L91221,298.8,309.1,1368,50.8,115,129.1984
M58902,298.8,309.1,1368,49.1,117,109.3331
H73457,311.7,309.2,,48.5,,
M58904,298.8,309.1,1472,47.5,125,
L91225,306.1,309.1,,49.1,,
M58906,298.7,309,1843,25.8,130,
L91227,304.7,,1418,,133,
H73462,309.1,309.2,,53.9,,
M58909,310,309.2,1412,,,
L91230,298.9,309.1,2861,4.6,143,
L91231,298.9,309.1,1383,54.9,145,116.9717
H73466,298.8,309,1497,43.8,147,121.755
L91233,310,,1565,35.1,,
L91234,298.7,309,1691,30.1,154,115.3549
L91235,314,309.1,1512,,156,94.7573
L91236,298.8,309.1,1477,42.4,158,109.3224
L91237,298.8,309.1,1513,40.3,160,
M58918,307.4,,1661,29.5,,
L91239,313.7,309.1,1378,,165,
L91240,298.8,309.1,1393,52.6,167,
M58921,308.1,309,,,169,
L91242,298.8,309,1829,22.9,172,
M58923,298.9,309,1812,25.9,174,116.1599
L91244,310.4,309.1,1523,,,
L91245,299,309.1,1394,45.1,179,100.5615
M58926,304.8,308.9,1679,,181,100.9687
H73481,305.8,308.9,,,184,
L91248,298.8,308.9,1527,32.4,189,124.9176
L91249,311.6,309,,,191,
M58930,298.9,309,1924,22.6,193,128.3489
L91251,298.9,309.1,1452,45.5,196,101.9225
L91252,298.9,309.1,1369,44.4,198,
L91253,309.1,309.1,,35,,
L91254,311.7,309,,32.3,,
L91255,298.8,308.9,1379,46.7,204,131.4804
L91256,311.4,308.9,1461,,206,107.6431
L91257,298.8,308.9,1455,41.3,208,
L91258,298.8,308.9,1398,51.5,0,99.2974
L91259,307.2,308.9,1402,,2,
H73494,307.3,308.8,1445,,,
L91261,305.1,308.9,,47.5,,
L91262,313.7,308.9,,40.8,,
L91263,299,309,1469,40.1,13,91.5444
L91264,298.9,308.9,1422,47.6,15,
M58945,309,,1804,,17,
H73500,313.6,,1436,43.9,,
L91267,312.2,309,1544,,25,98.21
M58948,313.6,,1419,45.2,,
M58949,312.5,,1487,,30,
L91270,308.3,308.9,,25.8,,
L91271,298.9,308.9,1830,24.9,35,
M58952,310.1,,1727,,37,
L91273,299.1,309,1450,43,40,
L91274,299,308.9,1622,31.9,42,102.9484
M58955,299,309,1351,52.2,44,82.3146
M58956,299,309,1575,35.3,47,75.0973
M58957,310.4,,1750,29.9,,
L91278,307.3,308.8,,,53,
L91279,307.5,,1523,44.4,,
L91280,298.8,308.9,1852,25,57,97.0177
L91281,298.8,308.8,1991,20.7,59,114.8898
L91282,309.5,308.8,1555,,,
M58963,298.8,308.8,1441,40.5,63,
L91284,307,,1450,43.4,,
L91285,311.4,308.7,,31.1,,
L91286,307.2,,1445,,70,
M58967,298.8,308.8,1497,46.8,72,99.5563
H73522,309.4,308.8,,,75,
L91289,306.3,308.7,,34.1,,
L91290,298.8,308.6,1872,22.5,82,
H73525,311,308.6,,43.5,,
M58972,312.3,308.7,1498,,,
M58973,298.8,308.6,1486,41.9,92,92.8556
L91294,304.1,308.6,,,95,
L91295,298.8,308.6,1431,45.7,97,109.0191
L91296,308.8,,1564,,99,
L91297,312.4,,1599,33,,
M58978,298.8,308.6,1707,28.1,103,
L91299,298.7,308.5,1467,40.7,106,92.4943
L91300,298.9,308.7,1433,44.7,108,102.0111
L91301,298.9,308.7,1558,41.2,110,
L91302,307.2,,1310,,112,
L91303,298.9,308.7,1546,43.4,114,90.7237
L91304,298.9,308.7,1727,29.4,116,113.3877
L91305,304.7,308.6,1560,,,
L91306,299,308.6,1329,60.5,120,101.6455
L91307,298.9,308.6,1413,46.5,122,119.914
L91308,312.4,308.6,1587,,124,
L91309,298.9,308.5,1559,34.3,126,
L91310,298.8,308.4,1473,41.1,128,99.4076
L91311,305.6,308.4,,27.7,,
M58992,311.7,308.4,,43.2,,
M58993,309.2,308.4,,,135,
L91314,298.8,308.4,1369,53,138,
M58995,298.8,308.5,1711,28.5,140,125.7799
H73550,298.7,308.5,1420,45.7,143,115.4262
L91317,312,,1297,55.3,,
H73552,313.4,308.6,1449,,150,
L91319,310.2,308.6,1268,,,
L91320,298.8,308.6,1511,36.1,157,
L91321,298.7,308.5,1544,35.2,159,101.5298
M59002,309.8,,1778,,161,
H73557,298.6,308.4,1407,50.5,164,
M59004,304,,1391,,169,
L91325,298.5,308.4,1513,33.6,172,
H73560,298.5,308.4,1612,36.1,174,
L91327,298.4,308.4,1515,40.1,179,104.1641
M59008,305.7,,1379,,181,
L91329,298.4,308.3,1473,39.9,184,108.8224
L91330,308.5,,1422,42.7,,
M59011,298.4,308.2,1463,37.6,188,123.9322
M59012,304.3,,1584,,191,
L91333,313.7,,1850,27,,
L91334,298.4,308.2,1528,36.2,196,112.1293
H73569,308.2,308.2,,,198,
M59016,298.4,308.1,1495,46,203,114.477
H73571,306.1,308.2,1478,,,
M59018,298.4,308.2,1499,40,211,
L91339,298.4,308.2,1471,47,214,92.3816
L91340,298.4,308.2,1282,60.7,216,
L91341,306.3,,1412,52.3,,
L91342,312.5,308.1,,35.5,,
M59023,298.4,308.2,1468,43.8,2,
M59024,312.6,308.3,1440,,5,
L91345,298.5,308.4,1733,26,8,
H73580,312.4,,1612,,10,
H73581,298.4,308.3,1458,42.9,15,80.7298
L91348,298.4,308.3,1433,62.3,20,103.6714
L91349,298.4,308.3,1318,59.1,22,92.1336
M59030,307.5,,1610,,24,
L91351,310.6,,1462,,27,
M59032,298.1,308,1924,20.8,29,
M59033,306.7,,1591,,32,
L91354,298.2,308.1,1306,58.3,35,86.253
L91355,298.2,308.1,1382,43.5,37,104.7745
L91356,306.3,308.1,1618,,,
L91357,312.9,,1988,,41,
L91358,307.8,,1436,50.2,,
L91359,298.2,308.3,1304,49.8,45,89.8835
L91360,298.2,308.3,1475,49.9,47,97.8932
H73595,298.2,308.3,1824,24.2,49,
M59042,312,,1342,,54,
L91363,298.1,308.2,1485,40.7,57,
L91364,298.2,308.2,1667,30.6,59,
L91365,298.2,308.2,1446,38.2,61,86.0344
L91366,305.9,,1301,56,,
L91367,309.3,,1379,,65,
L91368,298.3,308.5,1606,33.6,67,117.3579
M59049,310,308.4,,,69,
L91370,305.4,,1477,49.9,,
L91371,313.2,,1666,34.6,,
H73606,312.6,,1398,51.8,,
H73607,298.2,308.4,1678,34.6,81,
M59054,309,,2678,,86,
L91375,310.9,308.5,1453,,,
H73610,310.9,,1432,,91,
M59057,298.4,308.6,1527,40.9,96,106.0624
L91378,312.7,308.7,,,99,
L91379,298.4,308.6,1433,47.1,101,
L91380,310.1,308.6,1609,,103,
L91381,309.3,308.5,1575,,,
M59062,298.4,308.5,1636,35.7,107,105.5904
L91383,298.4,308.5,1490,37.9,110,
L91384,307,308.5,1741,,,
M59065,298.5,308.6,1344,53,114,
L91386,298.5,308.7,1609,35.3,117,111.4033
M59067,307.2,308.7,,,119,
L91388,298.4,308.6,1591,36.7,122,
L91389,305.5,308.6,1477,,,
L91390,309.6,,1523,36.1,,
L91391,307.7,308.7,,,128,
H73626,298.4,308.7,1344,52.9,130,102.1703
L91393,308.7,,1386,,135,
M59074,306.5,,1589,,137,
L91395,298.3,308.6,1548,40.3,140,
L91396,312,308.6,1499,,142,108.0992
L91397,312.7,308.5,1664,,,
L91398,298.3,308.6,1447,38.1,146,108.2272
M59079,307.8,308.5,,46.2,,
L91400,298.3,308.5,1416,52.7,151,
H73635,312.1,308.5,,,153,
L91402,313.2,308.6,,45,,
L91403,298.4,308.6,1569,34.4,160,
L91404,309,308.6,1584,,162,
L91405,298.3,308.5,1362,53.8,164,
L91406,307,308.4,,49.2,,
L91407,298.3,308.5,1539,36.1,168,111.2576
M59088,298.3,308.5,1629,37.1,170,107.9596
L91409,312.9,,1538,32.2,,
L91410,298.3,308.6,1570,34.8,175,99.5326
L91411,308.6,308.4,1408,,,
L91412,307,308.4,,47.6,,
L91413,298.2,308.4,1512,34.9,181,
L91414,298.2,308.4,1478,42.9,183,118.0926
M59095,311.7,308.3,,33.7,,
L91416,313.9,308.3,1495,,188,
M59097,298,308.1,1552,36.6,190,115.7398
L91418,313.3,308.1,1393,,193,
L91419,298,308.2,1611,30.6,195,
M59100,298,308.1,1339,51.6,197,
L91421,308.8,308.1,,24.3,,
L91422,298,308.2,1348,58.8,202,
L91423,309.2,308.2,1442,,204,
M59104,307.1,,1395,,206,
M59105,312.5,,1627,31.4,,
L91426,297.9,308.1,1585,33.5,212,90.4236
L91427,309.6,308.2,,45.5,,
L91428,298,308.3,1362,56.8,216,109.5727
L91429,306.1,308.3,1405,,218,
L91430,298,308.3,1662,32.7,0,106.701
M59111,310.2,,1466,,2,
L91432,307.2,308.2,1620,,5,95.779
L91433,312.3,308.2,1357,,7,98.2136
L91434,306.5,308.2,1514,,9,90.2499
L91435,298,308.2,1489,40.4,11,106.6151
L91436,298.1,308.3,1331,63,13,
L91437,298,308,1615,29.5,15,129.2366
L91438,298.1,308.2,1482,37.9,17,116.0512
M59119,298.1,308.2,1420,63.9,19,86.5487
M59120,310.4,308.3,1522,,22,
L91441,298.1,308.2,1654,32.1,25,112.4549
M59122,308.6,,1736,,27,
M59123,298,308.1,1587,32.3,30,
L91444,298.1,308.2,1390,47.5,33,86.6929
L91445,313.9,308.1,,,35,
H73680,304.7,308.1,,,37,
L91447,305.8,,1954,21.1,,
H73682,311.2,308,1800,,44,103.9407
L91449,298,308,1524,37,49,96.8191
H73684,313,,1520,,51,
M59131,298.1,308.1,1452,40.8,56,
L91452,298.1,308.1,1484,40.4,59,
L91453,309.6,308,,,61,
L91454,308.5,,1652,28.5,,
L91455,298,308,1401,54.7,65,
M59136,309.9,307.9,1750,,,
H73691,298,308,1479,50.7,70,
M59138,312,308,,29.4,,
L91459,306.2,,1819,23.4,,
M59140,298.1,308.1,1456,43.7,80,
L91461,307.7,,1626,36.5,,
M59142,313.2,308.1,,,85,
L91463,312.6,,1469,43,,
L91464,298.2,308.3,2051,19.2,90,123.6066
L91465,298.2,308.3,1568,36,92,117.1908
L91466,298.2,308.3,1589,33.2,94,99.2619
L91467,307.2,308.3,1805,,,
H73702,306.2,,1385,,98,
L91469,308.3,308.4,1436,,103,86.2354
L91470,308.6,308.4,,,105,
L91471,305.2,308.3,,42.6,,
L91472,304.8,,1335,,109,
H73707,298.1,308.5,1392,44.8,111,103.0034
M59154,308.4,308.5,,51.1,,
M59155,298.1,308.6,1716,30.7,119,113.9271
L91476,308.2,,1395,46.2,,
L91477,312.7,308.5,,25.3,,
H73712,297.9,308.5,2129,18.7,126,143.9602
M59159,307.7,,1567,35.6,,
L91480,297.8,308.4,1622,38.3,134,
L91481,308.8,308.4,,27.1,,
H73716,297.8,308.4,1512,35.1,138,
M59163,297.8,308.4,1479,43.5,143,
L91484,313.6,,1737,,146,
L91485,306.1,308.4,,,148,
L91486,305.2,308.4,,47.1,,
M59167,297.8,308.4,1579,36.6,152,
L91488,312,308.5,,,155,
M59169,310,308.5,,,157,
H73724,307.3,308.6,1526,,160,
M59171,298,308.6,1453,44.1,165,114.3399
L91492,306.8,308.6,1468,,,
L91493,306.6,308.6,,,170,
M59174,312.2,308.5,,,172,
L91495,297.9,308.4,1646,40.6,175,
L91496,310.9,308.4,,,177,
L91497,297.8,308.4,1685,28.4,179,
L91498,309.6,,1512,39.9,,
L91499,297.8,308.4,1612,32.1,183,111.3408
H73734,306.6,308.4,1550,,,
L91501,297.8,308.4,1518,32.5,190,102.0129
L91502,309.8,308.5,,40,,
L91503,310.2,308.5,,46.3,,
M59184,313.5,,1488,,196,
L91505,297.8,308.5,1699,27.8,199,
L91506,308,308.5,1501,,201,92.032
L91507,297.7,308.5,1373,56.7,203,104.2196
H73742,297.6,308.4,1703,31.4,205,
H73743,308.6,308.5,1720,,,
M59190,310.8,308.4,1398,,,
M59191,297.6,308.4,1391,51.9,218,
M59192,297.6,308.3,1538,40.2,0,96.029
L91513,297.5,308.2,1647,31.3,3,103.3932
M59194,312.8,,1469,44.8,,
L91515,297.4,308.1,1749,25.9,8,
M59196,297.6,308.2,1995,20.5,10,102.526
L91517,307.7,,1742,,13,
L91518,312.7,,1563,38.2,,
M59199,297.5,308.2,1713,32.2,17,89.4501
L91520,311,,1474,,20,
M59201,297.4,308.2,1530,32.6,22,115.4001
L91522,308.7,308.2,,,25,
L91523,297.5,308.3,1388,48.6,27,
M59204,304.2,308.2,2448,,29,132.9481
L91525,297.5,308.3,1585,32.9,32,99.6309
M59206,310.6,308.3,,45.2,,
L91527,297.5,308.3,1544,40.8,37,77.9491
L91528,305.3,308.3,,,39,
L91529,312.5,,1595,34.3,,
H73764,297.6,308.3,1400,44.3,43,
M59211,306.5,308.4,1611,,48,111.2725
M59212,307.8,308.4,,46,,
H73767,297.5,308.3,1674,30,54,103.2806
L91534,304.6,308.3,,,59,
L91535,297.6,308.3,1623,36.9,61,
M59216,297.6,308.4,1398,48.9,63,
L91537,297.6,308.4,1517,34.2,66,
M59218,297.6,308.3,1467,36.7,68,108.9976
M59219,297.6,308.3,1567,34.6,71,90.463
M59220,297.5,308.3,1521,38.2,74,
L91541,306.8,308.3,1596,,,
H73776,297.6,308.3,1640,30.9,79,107.8688
L91543,308,,1438,47.8,,
L91544,312.7,,1407,55.2,,
L91545,310.4,308.4,1353,,,
M59226,297.6,308.5,1552,40.9,90,110.5515
M59227,297.6,308.4,1569,38.3,93,110.5486
L91548,297.5,308.4,1489,39.5,96,
H73783,311.8,308.4,1587,,,
M59230,304.4,308.3,,,103,
L91551,297.5,308.4,1604,38.1,106,
M59232,313.4,308.3,1405,,,
L91553,309.5,308.3,,42,,
L91554,304.4,308.3,,43,,
L91555,306,308.2,1533,,115,103.7554
M59236,297.4,308.2,1401,51.9,117,101.5284
M59237,297.4,308.2,1424,53.9,120,108.9986
L91558,297.3,308.2,1754,29.4,123,122.0268
L91559,297.3,308.2,1754,26.8,125,99.5251
L91560,297.5,308.3,2564,12.8,127,137.9915
L91561,297.5,308.5,1546,40.4,129,110.3947
L91562,312.2,308.5,,48,,
M59243,297.5,308.6,1842,27,133,
L91564,310.7,308.5,1712,,136,
M59245,306.6,308.6,,,138,
L91566,307.6,308.7,1319,,,
L91567,313.5,308.7,1249,,143,
L91568,305.3,308.7,1455,,145,108.829
M59249,312.7,308.7,,,147,
L91570,312.8,,1460,46.7,,
L91571,297.6,308.6,1491,38.1,152,126.2612
M59252,309.4,308.5,1490,,,
M59253,307.3,,1350,,157,
L91574,297.5,308.4,1528,39.9,160,
L91575,307.1,308.3,1571,,,
L91576,306.9,,1490,,164,
M59257,309.3,,1774,28.9,,
H73812,309.4,,1502,43.6,,
L91579,313.3,308.4,,,174,
L91580,297.4,308.5,2100,16.9,176,
L91581,310.2,308.5,1722,,178,106.9106
L91582,312.1,308.6,,32.3,,
L91583,297.3,308.6,1273,59.8,182,
L91584,297.3,308.6,1297,45.9,184,108.1407
L91585,312.7,308.5,1350,,186,111.2317
L91586,313.2,,1439,51.9,,
M59267,308.4,,1600,,190,
M59268,308.6,308.6,,,193,
L91589,297.4,308.6,1459,41.3,196,
M59270,297.5,308.6,1472,44.9,198,98.281
L91591,310.9,308.7,1429,,201,
L91592,306.4,308.6,1388,,,
L91593,305.2,,1573,,205,
L91594,297.4,308.4,1588,32.5,207,113.48
L91595,308.7,,1511,,209,
L91596,314,308.5,,37.8,,
L91597,297.4,308.4,1394,50.1,213,121.3136
L91598,309.2,,2151,,0,
M59279,297.3,308.3,1501,38.2,2,
M59280,311.3,308.3,,39.6,,
M59281,297.3,308.3,1657,31.1,8,
L91602,305.4,308.3,1333,,11,
L91603,297.3,308.3,1484,43.9,13,108.9827
L91604,311.8,308.4,,,15,
M59285,297.3,308.4,1665,28.9,17,114.9413
L91606,311.4,308.5,1501,,,
M59287,304,308.5,1496,,,
M59288,297.6,308.6,1595,36.9,25,
L91609,310.6,308.6,1208,,28,85.4183
L91610,311.5,308.6,,,30,
L91611,297.5,308.5,1446,41.9,32,109.0079
M59292,305.2,,1466,39.7,,
M59293,310.7,308.5,,,37,
M59294,297.5,308.5,1484,44.7,40,117.6873
L91615,297.4,308.3,1493,41.2,43,110.7603
L91616,297.3,308.3,1504,36.3,45,95.8258
L91617,297.3,308.3,1538,38.5,47,93.6343
L91618,297.4,308.4,1341,52.2,49,85.7577
M59299,304.3,,1535,34.6,,
L91620,311.5,,1389,39.2,,
H73855,297.5,308.5,1393,46.6,56,96.4729
L91622,309.9,308.5,,61.5,,
H73857,297.4,308.5,1469,45.1,63,114.4806
L91624,297.4,308.4,1582,37.2,68,
L91625,311.6,308.6,,,70,
L91626,297.5,308.6,1452,39,72,
M59307,311.5,308.7,,59.9,,
L91628,297.5,308.6,1552,44.9,77,95.6569
L91629,308.8,,1622,37.9,,
M59310,305.6,308.7,1419,,81,90.5726
H73865,297.5,308.6,1440,46.1,84,
M59312,306.6,308.6,,,89,
L91633,309.1,308.7,1510,,92,
L91634,297.4,308.7,1468,46.6,94,
L91635,297.4,308.7,1429,57.4,96,90.0976
H73870,312.6,,1478,47.6,,
L91637,312.9,308.6,1276,,,
L91638,297.3,308.6,1486,42.6,105,110.0502
L91639,307.6,308.6,,,107,
H73874,311.3,,1431,42,,
L91641,297.4,308.7,1402,40.2,114,
L91642,309.5,,1433,,116,
L91643,309.1,308.7,,4.2,,
L91644,297.3,308.6,1511,35.7,120,118.3415
M59325,297.3,308.6,1456,42.9,122,
L91646,297.2,308.5,1550,41.5,125,120.3084
L91647,313.2,,2182,,127,
L91648,312.1,308.7,,,129,
M59329,297.3,308.8,1586,32.7,131,
H73884,308.9,308.8,,44.2,,
H73885,297.3,308.8,1419,42.4,139,98.4788
M59332,297.4,309,1497,41.8,144,
M59333,311,,1520,,147,
L91654,297.4,309.1,1478,49.8,150,
L91655,297.4,309.1,1380,41.1,152,95.5222
L91656,311.9,309,,,154,
H73891,297.4,309,1468,41.4,156,
L91658,297.4,309,1833,22.6,161,113.7149
M59339,304.4,308.9,,57.3,,
L91660,297.4,309,1583,32,166,
M59341,297.3,309,1556,39.5,168,113.5371
L91662,306.6,309,1548,,171,110.3035
L91663,297.4,309,1324,56.9,173,117.1902
L91664,297.4,309,1568,33.7,175,92.6472
M59345,308.3,309,1685,,,
M59346,313.1,309.1,1582,,,
M59347,312.8,,1463,35,,
L91668,297.4,309.2,1584,42.8,186,
M59349,297.5,309.2,1347,55.8,188,
L91670,310.9,309.2,,37.9,,
L91671,297.4,309.2,1420,45.6,193,101.06
L91672,308.3,,1404,43.5,,
L91673,306.7,,1470,,197,
L91674,309.6,309.4,1326,,199,
H73909,297.5,309.3,1459,49.7,201,132.1522
M59356,297.5,309.2,1530,40,206,118.7523
L91677,297.4,309,1505,39.2,209,
L91678,297.5,309.1,1611,30.2,211,
L91679,310,,1515,35.1,,
M59360,297.5,309.2,1804,27.4,215,
M59361,297.6,309.3,1464,46.2,218,105.2266
L91682,309.8,309.2,,,221,
M59363,313.9,309.2,,48.1,,
M59364,297.6,309.3,1529,41.9,3,88.6415
L91685,308.1,,1610,35,,
L91686,307.8,309.3,1543,,,
H73921,311.7,309.4,1445,,,
L91688,305.1,309.3,1893,,,
M59369,304.1,309.3,1415,,17,
L91690,297.5,309.3,1564,37.5,20,90.4792
L91691,311.6,309.3,1479,,22,
L91692,307.4,309.2,1426,,,
L91693,297.4,309.2,1428,38.8,26,113.949
L91694,305.6,,1620,33.2,,
L91695,304.5,309.2,,,30,
L91696,297.5,309.3,1732,29.9,32,128.8705
M59377,297.5,309.4,1391,58.2,34,97.4091
L91698,310.5,,1924,,37,
M59379,297.7,309.5,2027,19.8,39,
L91700,309.2,,1617,,42,
L91701,312.8,309.4,,,44,
M59382,312.4,309.5,1448,,,
L91703,308.8,309.4,,,49,
L91704,310.4,,1620,,51,
L91705,297.4,309.4,1466,45.5,53,101.2255
L91706,306.7,,1373,,55,
M59387,304.9,309.6,1592,,57,99.5544
M59388,306.4,309.5,,,60,
L91709,297.6,309.5,1569,36.2,63,81.2213
M59390,311.4,,1709,32.2,,
L91711,297.6,309.5,1549,34.9,68,117.3352
L91712,309.9,309.4,,45.4,,
L91713,297.5,309.3,1675,29.8,72,91.2925
L91714,297.5,309.3,1623,33.4,74,119.247
H73949,297.4,309.3,1365,52.4,76,
L91716,307.2,309.3,,,81,
H73951,304.1,309.3,,43,,
M59398,308.2,,1499,,88,
M59399,310.8,,1775,25.8,,
L91720,297.4,309.4,1473,45.5,94,98.0408
L91721,305.5,309.4,,52.3,,
L91722,305.2,,1803,,98,
H73957,297.5,309.3,1563,36.1,100,114.675
M59404,307.5,309.4,1831,,105,93.4128
L91725,313.2,309.4,1958,,,
L91726,307.5,,1809,,110,
M59407,297.5,309.4,1482,39.3,112,107.2843
L91728,297.4,309.3,1332,53.2,115,115.7156
L91729,306.6,309.2,,,117,
L91730,305.8,309.2,,,119,
L91731,307.2,,1274,,121,
M59412,297.4,309.3,1622,35,123,107.2611
M59413,312.9,309.3,,36,,
H73968,312,309.4,,,129,
M59415,310.1,309.4,1539,,134,
L91736,310.6,309.4,,,137,
M59417,297.5,309.4,1433,48.3,139,
L91738,297.5,309.4,1650,34.6,142,119.4842
L91739,310.4,,1503,40.6,,
L91740,297.5,309.4,1318,58.2,146,
M59421,306.1,309.4,1678,,148,104.1231
L91742,297.6,309.5,1574,30.9,151,114.7291
L91743,297.7,309.6,1529,35.2,153,
H73978,297.6,309.6,1669,32.1,155,110.7862
H73979,297.7,309.7,1570,35.8,160,105.8762
M59426,310.2,,1541,33.7,,
M59427,297.7,309.7,1680,30.2,168,
L91748,297.8,309.7,1935,22.1,171,
M59429,297.7,309.6,1596,35.2,173,104.1612
L91750,313.5,,1498,41,,
M59431,297.8,309.8,1676,29,178,
L91752,297.8,309.9,1351,49,181,
L91753,310.1,309.9,1472,,183,113.2239
M59434,309,310,,41.7,,
M59435,310.2,,1410,,188,
H73990,297.7,309.7,1440,51.1,191,108.0197
L91757,297.7,309.7,1591,37.7,196,
L91758,297.8,309.8,1533,36.8,198,
M59439,297.8,309.7,1700,31.3,200,
M59440,297.8,309.8,1798,25.5,203,
L91761,312,309.7,,42.9,,
L91762,311.2,309.7,,,208,
H73997,304.7,,1697,,210,
H73998,297.6,309.6,1419,48.2,215,112.3571
L91765,297.6,309.5,2001,20.5,220,
L91766,306.3,,1501,,222,
H74001,297.6,309.5,1623,33.1,224,151.8232
L91768,297.6,309.4,1628,33.4,229,126.715
L91769,310.3,,1491,,231,
L91770,309.1,,1517,36.7,,
H74005,310.5,,1525,,235,
H74006,309.8,309.5,,,240,
L91773,297.5,309.6,1312,50.7,0,
H74008,297.6,309.6,1278,50.4,2,106.2338
M59455,297.6,309.6,1330,53.1,7,
M59456,297.6,309.6,1530,37.3,10,79.1107
H74011,313.4,,1428,46.6,,
L91778,297.7,309.6,1480,47.9,18,92.8747
H74013,297.7,309.7,1616,31.1,20,87.2941
L91780,297.8,309.7,1547,37.3,25,100.4311
L91781,305.7,309.7,2194,,27,
L91782,297.9,309.8,2000,21.3,29,
L91783,309,,1336,,31,
L91784,312.2,309.9,,33.8,,
M59465,307.7,,1693,,35,
L91786,313.8,,1461,,38,
M59467,298,309.9,1565,33.9,40,
L91788,298,309.9,1403,47.7,43,
L91789,298.1,309.9,1629,32.5,45,
L91790,311.7,310,,,47,
L91791,305.6,310,1553,,49,92.6422
L91792,305,,1563,,51,
L91793,298.1,309.9,1634,30,53,
M59474,298,309.9,1445,45.2,55,99.2042
L91795,298.1,309.9,1642,30.4,58,
H74030,298.1,309.9,1686,29.1,60,
M59477,298.1,310,1393,43.1,65,
H74032,298.2,310,1433,44.2,68,
L91799,308.3,310,,,73,
M59480,298.3,310.1,1389,49.6,75,110.9029
L91801,313.1,310.1,1408,,78,80.0839
M59482,310.9,,1725,32,,
L91803,298.4,310.1,1926,23.7,83,125.6864
H74038,298.3,310.1,1509,37.6,85,112.5763
L91805,298.3,310.1,1545,36.3,90,141.0323
L91806,311.6,,1533,,92,
L91807,308.3,,1455,,94,
M59488,310.7,310.1,1335,,96,102.5529
L91809,298.3,310.1,1523,45.9,99,
L91810,309.1,310,,,101,
L91811,298.4,310,1554,37.3,103,112.822
H74046,308.6,310,,,105,
L91813,304.6,310,,,110,
L91814,308.4,309.9,,,112,
L91815,310.9,310,1858,,114,
L91816,304.3,,1463,,116,
L91817,298.2,309.7,1585,37.4,118,
L91818,310.1,309.6,,37.3,,
L91819,312.1,309.6,1403,,122,104.2654
M59500,297.9,309.6,1515,38.8,124,109.038
L91821,297.9,309.5,1390,47.9,127,
M59502,304.3,309.4,,58.7,,
M59503,312.5,309.4,,36.5,,
H74058,310.4,,1608,30.2,,
L91825,297.7,309.4,1392,44.1,140,105.869
M59506,304.1,309.4,,,142,
L91827,297.7,309.3,1559,36.9,145,125.7977
H74062,297.7,309.3,1400,48.9,147,130.1235
M59509,311.1,309.2,1732,,152,
L91830,297.6,309.2,1611,33.1,155,
L91831,297.6,309.1,1503,38.9,157,
L91832,297.7,309.2,1391,44.5,159,
L91833,306.6,309.3,,20.1,,
L91834,306.2,309.2,1683,,163,113.0376
L91835,311.4,,1435,,165,
M59516,311,309.1,1732,,,
L91837,297.7,309.2,1365,58.6,170,109.9371
L91838,297.7,309.1,1562,36.8,172,118.8858
L91839,308.9,,1449,49.1,,
M59520,297.7,309.2,1700,27.4,176,113.267
M59521,309.3,309,,45.6,,
M59522,306,308.9,1479,,,
L91843,297.5,308.9,1469,44,185,
L91844,297.5,308.9,1390,47.4,187,107.1244
L91845,307.6,308.9,,28.1,,
L91846,297.5,309,1470,43.5,191,
L91847,297.5,308.9,1459,48.5,193,105.4515
L91848,297.5,308.9,1738,24,195,114.218
H74083,309.7,308.9,1471,,197,108.465
L91850,312.3,309,,,202,
L91851,313.4,308.9,,34.8,,
M59532,297.6,308.9,1433,43.2,206,115.6055
L91853,297.6,308.9,1449,47.7,209,111.0918
L91854,310.9,309,,41.2,,
M59535,297.8,309.1,1424,45.5,2,
H74090,313.2,309.2,1577,,5,
L91857,297.9,309.2,1478,39.7,10,
M59538,312.4,309.2,1295,,12,
L91859,307.6,309.2,,,15,
M59540,306.3,,1432,42.6,,
M59541,307.7,309,,,20,
H74096,308.2,309,,,23,
L91863,304.9,,1874,24.4,,
L91864,313.3,309,1538,,,
M59545,297.7,309,1636,29.7,32,
M59546,297.7,309,1504,40.4,35,97.3848
M59547,297.7,309,1531,42.4,38,110.0633
H74102,297.6,309,1735,26.4,41,98.3009
H74103,306.7,,1354,,46,
H74104,297.6,309,1413,40.2,51,
L91871,307,,1563,,56,
L91872,297.7,309.1,1479,42.1,58,
L91873,297.7,309.1,1477,38.3,60,
L91874,297.6,309.1,1394,50,62,
L91875,297.6,309,1487,45.4,64,85.7133
M59556,307.2,309,1815,,66,
M59557,306.5,308.8,1453,,69,80.6996
L91878,306.1,,1539,40.2,,
H74113,297.5,308.7,1416,39.2,74,
M59560,297.6,308.8,1683,31.6,79,100.3057
L91881,309.7,,1515,,82,
M59562,297.7,308.9,1531,48.3,84,
H74117,306,,1479,40.9,,
L91884,305.7,308.9,,,92,
L91885,305.2,309,1507,,94,
M59566,306.9,,1434,43.3,,
L91887,308.1,308.9,,27.3,,
M59568,311,308.8,,45.9,,
M59569,313.5,308.8,,,104,
M59570,308,308.7,1697,,107,96.524
L91891,309.7,308.7,,46.2,,
L91892,305.6,308.7,,37.6,,
L91893,308.2,,1439,,114,
L91894,312.6,308.6,,,116,
L91895,313.6,308.6,1324,,118,98.9783
H74130,311,308.6,1420,,120,
L91897,297.4,308.7,1545,36.9,125,
L91898,308.7,308.8,1477,,127,
L91899,297.4,308.8,1447,58.1,129,88.3961
L91900,297.4,308.9,1809,23.8,131,
L91901,297.5,308.9,1696,30.9,133,117.1381
L91902,313.8,,1427,,135,
M59583,306.1,308.9,1500,,137,
L91904,309.4,308.9,1390,,,
L91905,297.4,308.8,1640,34.2,142,128.2855
M59586,297.4,308.8,1628,37.4,144,124.5314
H74141,306.1,,1499,,147,
M59588,297.4,308.7,1425,50.3,152,
L91909,306.9,,1586,37.7,,
M59590,306.4,308.6,1471,,157,107.662
M59591,297.3,308.6,1431,53,160,87.6134
L91912,310.5,,1924,,163,
M59593,306.4,308.4,1421,,,
H74148,297,308.4,1305,54.6,168,117.5439
L91915,296.9,308.4,1557,32.4,173,
L91916,307.7,,1555,38.2,,
H74151,296.9,308.3,1474,39.2,177,109.5857
L91918,296.8,308.3,1506,45.9,182,
L91919,296.9,308.4,1390,41.8,184,
M59600,306.7,308.4,1450,,,
L91921,296.9,308.3,1513,38.8,189,
L91922,304.9,,1643,34.7,,
L91923,296.8,308.2,1361,53.8,193,103.961
L91924,312.7,308.1,1450,,195,116.4114
L91925,296.7,308,1451,50.7,197,109.6367
L91926,305.2,308.1,,62,,
L91927,296.8,308.1,1356,48.3,201,
H74162,306,,1528,,203,
L91929,296.6,308,1978,22.3,208,
L91930,296.7,308,1535,36.8,210,
M59611,311.5,308.1,,,212,
L91932,296.9,308.1,1422,48.7,215,
L91933,312.1,308,1536,,217,120.6863
M59614,296.9,308.1,1483,44.3,219,
H74169,296.8,308.1,1492,43.7,222,
L91936,296.8,308,1584,40.4,227,
L91937,296.9,308.1,1555,33.7,229,108.3701
L91938,309.8,308,,,231,
M59619,296.7,307.8,1537,36.3,233,
L91940,296.7,307.8,1505,39.4,236,120.6806
L91941,313,307.8,1646,,238,
M59622,296.7,307.8,1286,60.5,0,
L91943,296.7,307.8,1400,47.5,3,
L91944,296.8,307.9,1337,56.5,5,
L91945,296.9,308,1332,53.9,7,91.685
L91946,307.3,308,,38.3,,
L91947,307.8,,1546,31.1,,
L91948,296.9,308,1713,29.3,13,
L91949,311.3,,1343,,15,
L91950,296.8,308,1391,54.4,17,99.0838
H74185,296.8,308,1311,58.6,19,86.5076
H74186,296.8,308,1453,51,24,77.1938
L91953,296.8,308,1510,39.4,29,
L91954,313.6,307.9,1448,,,
L91955,306.5,,1453,46,,
L91956,304.1,307.8,,39.2,,
L91957,311.3,,1382,47.5,,
L91958,305.1,308,1580,,39,103.6481
L91959,296.8,308,1666,29.8,41,
M59640,296.9,308,1409,50.7,43,94.3559
L91961,296.8,308,1675,29.7,46,115.3244
L91962,296.8,307.9,1698,30.8,48,
H74197,312.2,307.9,1579,,50,103.4744
L91964,296.7,307.9,1743,27.9,55,
M59645,296.9,308,1497,44.8,57,108.8009
L91966,305,308.1,,,60,
L91967,296.9,308.1,1435,45.3,62,
M59648,305.2,,1440,46.3,,
M59649,296.9,308,1641,33.3,67,
L91970,296.8,307.9,1420,45.4,70,90.3029
L91971,313.2,307.9,,35.4,,
L91972,296.8,307.8,1373,42.9,74,
M59653,296.8,307.9,1683,31.8,76,95.6969
H74208,313.1,307.9,1547,,79,88.6546
L91975,313.6,307.8,1605,,,
M59656,307.5,307.9,,18.9,,
L91977,296.8,307.7,1565,40.1,89,96.4104
M59658,313.5,,1828,24.6,,
M59659,297,307.8,1579,34.1,94,
M59660,312.7,307.9,1882,,97,108.7532
L91981,307.3,,1285,,100,
L91982,309.1,,1571,,102,
H74217,296.9,307.8,1549,37.8,104,
M59664,296.9,307.8,1544,37.6,109,103.6516
M59665,311.7,307.9,,,112,
M59666,306.3,,1422,53,,
L91987,297,307.7,1867,22.8,118,127.587
L91988,311.8,307.7,,43.3,,
L91989,309.3,307.6,,,122,
L91990,296.9,307.7,1550,39.7,124,
L91991,296.8,307.6,1588,37.6,126,129.678
L91992,296.8,307.6,1338,44.4,128,110.0488
L91993,296.8,307.6,1513,40,130,106.8382
M59674,312.3,307.5,1470,,132,96.9253
M59675,305.8,307.5,1516,,,
L91996,309,,1434,,138,
L91997,306,307.6,1368,,,
L91998,296.8,307.6,1304,48.7,142,96.8927
L91999,305,307.6,,,144,
L92000,296.7,307.6,1516,37.4,146,127.8124
L92001,310.1,307.6,,41.7,,
M59682,296.7,307.6,1547,34.7,150,
M59683,309.3,307.5,1482,,,
L92004,296.6,307.4,1436,42.8,156,
L92005,311.7,307.3,,,158,
L92006,296.5,307.2,1481,38.2,160,
L92007,309.9,307.3,1501,,,
L92008,313.3,307.3,1566,,,
L92009,296.5,307.3,1579,34.5,166,
L92010,296.6,307.4,1631,35,168,
M59691,311,,1544,,170,
L92012,296.6,307.4,1521,38.6,173,118.8044
L92013,308.7,,1616,,175,
H74248,313.4,,1333,50.2,,
M59695,296.7,307.4,1533,32.5,182,132.3153
L92016,296.6,307.4,1368,45.1,185,93.6725
L92017,310,307.4,,,187,
H74252,296.6,307.4,1406,41.5,189,124.5122
M59699,296.5,307.4,1565,43.5,194,113.1772
L92020,313,307.5,1582,,197,
L92021,310,307.5,1439,,199,89.6802
M59702,296.6,307.5,1566,35,201,136.0985
L92023,306.1,,1485,42.7,,
L92024,306.7,307.5,1566,,,
L92025,296.3,307.3,1439,41.5,208,118.6277
M59706,296.4,307.4,1416,50,210,86.9394
L92027,296.4,307.4,2833,5.6,213,
L92028,296.3,307.4,1465,47.1,215,122.3316
H74263,296.4,307.4,1586,35.5,0,101.0817
L92030,296.3,307.3,1567,31.4,5,107.9662
M59711,296.2,307.2,1389,48.6,7,75.6225
M59712,309,307.3,,49.5,,
L92033,307.1,307.3,1444,,,
M59714,313.9,,1498,,15,
L92035,309.9,307.2,,,18,
L92036,306.5,,1898,,20,
M59717,296.1,307.1,1350,53.3,22,100.6946
M59718,305.9,307,1516,,,
H74273,313.9,,1542,40.6,,
H74274,306.3,306.9,1541,,33,
M59721,296.1,306.9,1951,23.3,38,
H74276,296.1,306.8,1645,31,41,105.3117
L92043,311.2,,1416,,46,
M59724,305,306.7,,,48,
L92045,312.3,306.6,1414,,51,
L92046,295.9,306.6,1678,26.7,53,
H74281,307.1,306.5,1594,,55,109.3625
M59728,295.8,306.5,1514,37.7,60,96.7682
L92049,295.8,306.5,1358,49.2,63,97.6411
L92050,295.8,306.4,1325,56.2,65,
L92051,308.4,,1339,53.2,,
M59732,295.8,306.4,1335,51.7,69,
L92053,308.3,306.4,,21.7,,
L92054,309.9,306.4,1575,,,
M59735,295.8,306.3,1444,45.5,76,
L92056,295.7,306.3,1915,22.4,79,
M59737,295.6,306.2,1584,33.6,81,94.7051
M59738,295.7,306.3,1685,34.9,84,
L92059,295.8,306.3,1337,54.6,87,89.3886
M59740,310.2,306.3,,,89,
L92061,307.3,306.2,,46.2,,
M59742,313.8,,1739,,94,
L92063,295.7,306.3,1490,34.3,97,
L92064,295.8,306.4,1356,48,99,110.0832
L92065,295.7,306.2,1397,52,101,
L92066,313.7,306.2,,40.6,,
H74301,308.6,306.2,,,105,
M59748,295.6,306.1,1651,28.1,110,
L92069,309.4,,1389,46.2,,
L92070,313.4,306,,52.4,,
L92071,295.7,306.1,1408,47.9,117,106.0548
L92072,307.3,,1343,,119,
M59753,304.3,,1423,,121,
L92074,311,306.2,,48.6,,
M59755,307.2,,1435,,126,
L92076,295.5,306.1,1573,35.1,129,121.7337
L92077,295.6,306.2,1612,31.2,131,101.0707
L92078,308.5,306.2,1446,,,
H74313,312.5,306.2,,55.3,,
L92080,307.5,306.2,,35.1,,
H74315,304.2,306.1,1256,,142,
L92082,295.6,306.1,1383,48.7,147,
L92083,307.9,,2270,,149,
H74318,311.5,,1458,49.8,,
L92085,295.6,306.1,1474,41.2,156,
M59766,295.6,306.1,1462,49.2,158,108.7633
M59767,295.6,306.1,1669,29,161,116.5379
M59768,310.3,306.1,,24.3,,
L92089,295.5,306,1456,39.2,167,121.5578
L92090,295.5,306,1546,35.9,169,
M59771,295.6,306.1,1490,42.7,171,
L92092,304.7,306,1569,,,
L92093,295.5,306,1621,29.5,176,
M59774,308.5,305.9,,,178,
M59775,295.4,305.8,1526,38.2,181,
M59776,305.4,,1589,36.2,,
L92097,311.4,305.7,,,187,
M59778,295.3,305.7,1473,38.5,189,115.7784
L92099,295.4,305.8,1407,50.7,192,122.2472
M59780,295.5,305.9,1518,44.1,194,101.3815
H74335,307.8,,1593,,197,
M59782,304.4,305.9,,52.4,,
M59783,308.6,306,1423,,,
L92104,310.7,306,,,208,
H74339,295.6,306.1,1623,30.9,210,115.8337
L92106,295.6,306.1,1372,55.6,215,107.3488
H74341,295.6,306,1396,52.4,0,
L92108,295.6,306,1949,21.9,5,93.5321
L92109,310.7,,1419,,7,
M59790,310.6,305.9,,,9,
L92111,295.5,305.9,1542,36.2,12,110.3091
L92112,295.6,306,1363,50,14,91.4514
L92113,307.6,306,1597,,,
M59794,295.5,306,1326,50.8,18,
M59795,309.4,306,1641,,,
M59796,309.4,306.1,1418,,,
L92117,295.6,306.2,1263,61.8,27,96.6528
L92118,295.6,306.2,1823,25.8,29,120.8226
L92119,309.7,306.1,,,31,
L92120,313.7,306.2,,,33,
L92121,295.6,306.2,1650,28.2,35,110.181
M59802,310.5,306.3,,44.3,,
M59803,295.6,306.2,1477,45,40,103.1224
M59804,305.5,306.3,1712,,43,99.1502
M59805,295.7,306.3,1347,50.4,46,94.8515
L92126,312.4,,1287,,49,
L92127,295.6,306.2,1428,44.5,51,105.2272
M59808,295.6,306.3,1426,45.5,53,94.9556
L92129,308.5,306.3,,,56,
L92130,295.6,306.2,1424,42.5,58,
H74365,312.6,306.3,1509,,,
L92132,312,306.2,,,65,
L92133,295.5,306.1,1650,32.8,67,115.8404
H74368,310.6,306.2,1414,,,
L92135,307.9,306.3,,20.9,,
H74370,313,306.2,1632,,,
M59817,295.7,306.4,1387,40.1,81,
L92138,295.8,306.4,1399,47.6,84,
L92139,295.8,306.5,1505,35.2,86,
L92140,295.8,306.5,1534,37.9,88,
L92141,309.9,306.5,1493,,90,109.0381
M59822,308.1,,1480,43.2,,
L92143,311.6,,1621,,95,
L92144,305.9,306.5,,26.2,,
L92145,295.8,306.6,1508,46.5,99,92.5169
M59826,308.4,,1641,32.2,,
M59827,313,306.6,,38.6,,
L92148,308.8,,1547,,107,
L92149,295.9,306.6,1412,41,109,112.2198
L92150,295.8,306.5,1568,35.1,111,
L92151,308.9,,1557,,113,
L92152,304.1,,1644,35.2,,
L92153,295.9,306.6,1679,30.4,117,109.0753
L92154,307.1,306.6,1511,,119,
M59835,296,306.6,1628,36.8,121,
M59836,296,306.6,1392,51.3,124,103.0508
L92157,296,306.7,1917,21,127,
M59838,308.5,,1526,,129,
L92159,310.4,306.8,,53.3,,
L92160,306.9,306.7,1409,,,
L92161,296.2,306.8,1655,31.1,136,120.1549
L92162,296.2,306.9,1516,39.1,138,
L92163,304.8,306.9,,,140,
L92164,296.3,307.1,1419,48.6,142,96.7471
L92165,296.4,307.2,1748,25.3,144,100.9682
H74400,308.6,307.1,1638,,146,
M59847,296.3,307.1,1534,33.8,151,96.2385
H74402,305.9,,1774,25.9,,
M59849,296.2,307,2119,18.3,159,155.2694
L92170,306.5,307,1414,,162,99.9681
M59851,296.1,307,1523,42,164,116.4851
L92172,311.5,307.1,1651,,,
M59853,296.1,307.1,1485,36,169,
M59854,306.3,,1168,63.4,,
L92175,296.3,307.3,1566,35.8,175,
M59856,308.5,307.2,1286,,,
M59857,296.3,307.2,1446,45.9,180,102.7078
M59858,306.4,307.2,,,183,
L92179,296.3,307.1,1560,33.2,186,
